RoundNumber,EventName,Location,EventDate
0,Pre-Season Testing,Sakhir,2023-02-25 00:00:00
1,Bahrain Grand Prix,Sakhir,2023-03-05 00:00:00
2,Saudi Arabian Grand Prix,Jeddah,2023-03-19 00:00:00
3,Australian Grand Prix,Melbourne,2023-04-02 00:00:00
4,Azerbaijan Grand Prix,Baku,2023-04-30 00:00:00
5,Miami Grand Prix,Miami,2023-05-07 00:00:00
6,Monaco Grand Prix,Monaco,2023-05-28 00:00:00
7,Spanish Grand Prix,Barcelona,2023-06-04 00:00:00
8,Canadian Grand Prix,Montréal,2023-06-18 00:00:00
9,Austrian Grand Prix,Spielberg,2023-07-02 00:00:00
10,British Grand Prix,Silverstone,2023-07-09 00:00:00
11,Hungarian Grand Prix,Budapest,2023-07-23 00:00:00
12,Belgian Grand Prix,Spa-Francorchamps,2023-07-30 00:00:00
13,Dutch Grand Prix,Zandvoort,2023-08-27 00:00:00
14,Italian Grand Prix,Monza,2023-09-03 00:00:00
15,Singapore Grand Prix,Marina Bay,2023-09-17 00:00:00
16,Japanese Grand Prix,Suzuka,2023-09-24 00:00:00
17,Qatar Grand Prix,Lusail,2023-10-08 00:00:00
18,United States Grand Prix,Austin,2023-10-22 00:00:00
19,Mexico City Grand Prix,Mexico City,2023-10-29 00:00:00
20,São Paulo Grand Prix,São Paulo,2023-11-05 00:00:00
21,Las Vegas Grand Prix,Las Vegas,2023-11-18 00:00:00
22,Abu Dhabi Grand Prix,Yas Island,2023-11-26 00:00:00
